"expIndex","subject","target","round","weak_strength","strong_strength","agent_selected","weight_selected","scenario","team"
"exp2-2",1,24,0,20,40,NA,NA,1,"<20,40>"
"exp2-2",1,24,1,20.4,40,1,8,1,"<20,40>"
"exp2-2",1,24,2,20.79,40,1,8,1,"<20,40>"
"exp2-2",1,24,3,21.17,40,1,8,1,"<20,40>"
"exp2-2",1,50,0,20,40,NA,NA,2,"<20,40>"
"exp2-2",1,50,1,20,40,0,0,2,"<20,40>"
"exp2-2",1,50,2,20,40,0,0,2,"<20,40>"
"exp2-2",1,50,3,20,40,0,0,2,"<20,40>"
"exp2-2",1,61,0,20,40,NA,NA,3,"<20,40>"
"exp2-2",1,61,1,20,40,0,0,3,"<20,40>"
"exp2-2",1,61,2,20,40,0,0,3,"<20,40>"
"exp2-2",1,61,3,20,40,0,0,3,"<20,40>"
"exp2-2",2,24,0,20,40,NA,NA,1,"<20,40>"
"exp2-2",2,24,1,20,40,0,0,1,"<20,40>"
"exp2-2",2,24,2,20,40,0,0,1,"<20,40>"
"exp2-2",2,24,3,20,40,0,0,1,"<20,40>"
"exp2-2",2,50,0,8,20,NA,NA,2,"<8,20>"
"exp2-2",2,50,1,8.5,20,1,4,2,"<8,20>"
"exp2-2",2,50,2,8.5,20.3,2,6,2,"<8,20>"
"exp2-2",2,50,3,8.97,20.3,1,4,2,"<8,20>"
"exp2-2",2,61,0,8,40,NA,NA,3,"<8,40>"
"exp2-2",2,61,1,8.75,40,1,6,3,"<8,40>"
"exp2-2",2,61,2,9.66,40,1,8,3,"<8,40>"
"exp2-2",2,61,3,10.48,40,1,8,3,"<8,40>"
"exp2-2",3,24,0,2,20,NA,NA,1,"<2,20>"
"exp2-2",3,24,1,3,20,1,2,1,"<2,20>"
"exp2-2",3,24,2,3,20,1,4,1,"<2,20>"
"exp2-2",3,24,3,3.66,20,1,2,1,"<2,20>"
"exp2-2",3,50,0,8,40,NA,NA,2,"<8,40>"
"exp2-2",3,50,1,9,40,1,8,2,"<8,40>"
"exp2-2",3,50,2,9.88,40,1,8,2,"<8,40>"
"exp2-2",3,50,3,10.28,40,1,4,2,"<8,40>"
"exp2-2",3,61,0,20,40,NA,NA,3,"<20,40>"
"exp2-2",3,61,1,20.4,40,1,8,3,"<20,40>"
"exp2-2",3,61,2,20.79,40,1,8,3,"<20,40>"
"exp2-2",3,61,3,21.17,40,1,8,3,"<20,40>"
"exp2-2",4,24,0,8,20,NA,NA,1,"<8,20>"
"exp2-2",4,24,1,8,20,0,0,1,"<8,20>"
"exp2-2",4,24,2,8,20,0,0,1,"<8,20>"
"exp2-2",4,24,3,8,20,0,0,1,"<8,20>"
"exp2-2",4,50,0,8,40,NA,NA,2,"<8,40>"
"exp2-2",4,50,1,9,40,1,8,2,"<8,40>"
"exp2-2",4,50,2,9.88,40,1,8,2,"<8,40>"
"exp2-2",4,50,3,10.68,40,1,8,2,"<8,40>"
"exp2-2",4,61,0,20,40,NA,NA,3,"<20,40>"
"exp2-2",4,61,1,20.1,40,1,2,3,"<20,40>"
"exp2-2",4,61,2,20.49,40,1,8,3,"<20,40>"
"exp2-2",4,61,3,20.88,40,1,8,3,"<20,40>"
"exp2-2",5,24,0,20,40,NA,NA,1,"<20,40>"
"exp2-2",5,24,1,20,40,0,0,1,"<20,40>"
"exp2-2",5,24,2,20,40,0,0,1,"<20,40>"
"exp2-2",5,24,3,20,40,0,0,1,"<20,40>"
"exp2-2",5,50,0,20,40,NA,NA,2,"<20,40>"
"exp2-2",5,50,1,20,40,0,0,2,"<20,40>"
"exp2-2",5,50,2,20,40,0,0,2,"<20,40>"
"exp2-2",5,50,3,20,40,0,0,2,"<20,40>"
"exp2-2",5,61,0,20,40,NA,NA,3,"<20,40>"
"exp2-2",5,61,1,20.4,40,1,8,3,"<20,40>"
"exp2-2",5,61,2,20.79,40,1,8,3,"<20,40>"
"exp2-2",5,61,3,20.79,40.2,2,8,3,"<20,40>"
"exp2-2",6,24,0,2,20,NA,NA,1,"<2,20>"
"exp2-2",6,24,1,3,20,1,2,1,"<2,20>"
"exp2-2",6,24,2,3,20.4,2,8,1,"<2,20>"
"exp2-2",6,24,3,3.66,20.4,1,2,1,"<2,20>"
"exp2-2",6,50,0,8,40,NA,NA,2,"<8,40>"
"exp2-2",6,50,1,9,40,1,8,2,"<8,40>"
"exp2-2",6,50,2,9.88,40,1,8,2,"<8,40>"
"exp2-2",6,50,3,10.68,40,1,8,2,"<8,40>"
"exp2-2",6,61,0,20,40,NA,NA,3,"<20,40>"
"exp2-2",6,61,1,20.4,40,1,8,3,"<20,40>"
"exp2-2",6,61,2,20.79,40,1,8,3,"<20,40>"
"exp2-2",6,61,3,21.17,40,1,8,3,"<20,40>"
"exp2-2",7,24,0,8,20,NA,NA,1,"<8,20>"
"exp2-2",7,24,1,8,20.2,2,4,1,"<8,20>"
"exp2-2",7,24,2,9,20.2,1,8,1,"<8,20>"
"exp2-2",7,24,3,9,20.59,2,8,1,"<8,20>"
"exp2-2",7,50,0,8,40,NA,NA,2,"<8,40>"
"exp2-2",7,50,1,8,40.05,2,2,2,"<8,40>"
"exp2-2",7,50,2,8,40.24,2,8,2,"<8,40>"
"exp2-2",7,50,3,8.5,40.24,1,4,2,"<8,40>"
"exp2-2",7,61,0,20,40,NA,NA,3,"<20,40>"
"exp2-2",7,61,1,20,40.2,2,8,3,"<20,40>"
"exp2-2",7,61,2,20.2,40.2,1,4,3,"<20,40>"
"exp2-2",7,61,3,20.2,40.39,2,8,3,"<20,40>"
"exp2-2",8,24,0,8,20,NA,NA,1,"<8,20>"
"exp2-2",8,24,1,8,20,0,0,1,"<8,20>"
"exp2-2",8,24,2,8,20,0,0,1,"<8,20>"
"exp2-2",8,24,3,8,20,0,0,1,"<8,20>"
"exp2-2",8,50,0,20,40,NA,NA,2,"<20,40>"
"exp2-2",8,50,1,20,40,0,0,2,"<20,40>"
"exp2-2",8,50,2,20,40,0,0,2,"<20,40>"
"exp2-2",8,50,3,20,40,0,0,2,"<20,40>"
"exp2-2",8,61,0,20,40,NA,NA,3,"<20,40>"
"exp2-2",8,61,1,20,40.2,2,8,3,"<20,40>"
"exp2-2",8,61,2,20,40.24,2,2,3,"<20,40>"
"exp2-2",8,61,3,20,40.43,2,8,3,"<20,40>"
"exp2-2",9,24,0,2,20,NA,NA,1,"<2,20>"
"exp2-2",9,24,1,3,20,1,2,1,"<2,20>"
"exp2-2",9,24,2,3.66,20,1,2,1,"<2,20>"
"exp2-2",9,24,3,4.2,20,1,2,1,"<2,20>"
"exp2-2",9,50,0,8,40,NA,NA,2,"<8,40>"
"exp2-2",9,50,1,9,40,1,8,2,"<8,40>"
"exp2-2",9,50,2,9,40.2,2,8,2,"<8,40>"
"exp2-2",9,50,3,9.88,40.2,1,8,2,"<8,40>"
"exp2-2",9,61,0,20,40,NA,NA,3,"<20,40>"
"exp2-2",9,61,1,20.4,40,1,8,3,"<20,40>"
"exp2-2",9,61,2,20.79,40,1,8,3,"<20,40>"
"exp2-2",9,61,3,21.17,40,1,8,3,"<20,40>"
"exp2-2",10,24,0,2,20,NA,NA,1,"<2,20>"
"exp2-2",10,24,1,3,20,1,2,1,"<2,20>"
"exp2-2",10,24,2,3.66,20,1,2,1,"<2,20>"
"exp2-2",10,24,3,4.2,20,1,2,1,"<2,20>"
"exp2-2",10,50,0,8,40,NA,NA,2,"<8,40>"
"exp2-2",10,50,1,9,40,1,8,2,"<8,40>"
"exp2-2",10,50,2,9.88,40,1,8,2,"<8,40>"
"exp2-2",10,50,3,10.68,40,1,8,2,"<8,40>"
"exp2-2",10,61,0,20,40,NA,NA,3,"<20,40>"
"exp2-2",10,61,1,20.4,40,1,8,3,"<20,40>"
"exp2-2",10,61,2,20.79,40,1,8,3,"<20,40>"
"exp2-2",10,61,3,21.17,40,1,8,3,"<20,40>"
"exp2-2",11,24,0,2,20,NA,NA,1,"<2,20>"
"exp2-2",11,24,1,3,20,1,2,1,"<2,20>"
"exp2-2",11,24,2,3.66,20,1,2,1,"<2,20>"
"exp2-2",11,24,3,4.2,20,1,2,1,"<2,20>"
"exp2-2",11,50,0,8,40,NA,NA,2,"<8,40>"
"exp2-2",11,50,1,9,40,1,8,2,"<8,40>"
"exp2-2",11,50,2,9.88,40,1,8,2,"<8,40>"
"exp2-2",11,50,3,10.68,40,1,8,2,"<8,40>"
"exp2-2",11,61,0,20,40,NA,NA,3,"<20,40>"
"exp2-2",11,61,1,20.4,40,1,8,3,"<20,40>"
"exp2-2",11,61,2,20.79,40,1,8,3,"<20,40>"
"exp2-2",11,61,3,21.17,40,1,8,3,"<20,40>"
"exp2-2",12,24,0,2,20,NA,NA,1,"<2,20>"
"exp2-2",12,24,1,3,20,1,2,1,"<2,20>"
"exp2-2",12,24,2,3.66,20,1,2,1,"<2,20>"
"exp2-2",12,24,3,4.2,20,1,2,1,"<2,20>"
"exp2-2",12,50,0,20,40,NA,NA,2,"<20,40>"
"exp2-2",12,50,1,20,40,0,0,2,"<20,40>"
"exp2-2",12,50,2,20,40,0,0,2,"<20,40>"
"exp2-2",12,50,3,20,40,0,0,2,"<20,40>"
"exp2-2",12,61,0,20,40,NA,NA,3,"<20,40>"
"exp2-2",12,61,1,20.4,40,1,8,3,"<20,40>"
"exp2-2",12,61,2,20.79,40,1,8,3,"<20,40>"
"exp2-2",12,61,3,21.17,40,1,8,3,"<20,40>"
"exp2-2",13,24,0,20,40,NA,NA,1,"<20,40>"
"exp2-2",13,24,1,20,40.2,2,8,1,"<20,40>"
"exp2-2",13,24,2,20,40.39,2,8,1,"<20,40>"
"exp2-2",13,24,3,20,40.53,2,6,1,"<20,40>"
"exp2-2",13,50,0,20,40,NA,NA,2,"<20,40>"
"exp2-2",13,50,1,20,40.05,2,2,2,"<20,40>"
"exp2-2",13,50,2,20.4,40.05,1,8,2,"<20,40>"
"exp2-2",13,50,3,20.79,40.05,1,8,2,"<20,40>"
"exp2-2",13,61,0,20,40,NA,NA,3,"<20,40>"
"exp2-2",13,61,1,20.4,40,1,8,3,"<20,40>"
"exp2-2",13,61,2,20.69,40,1,6,3,"<20,40>"
"exp2-2",13,61,3,20.69,40.15,2,6,3,"<20,40>"
"exp2-2",14,24,0,8,20,NA,NA,1,"<8,20>"
"exp2-2",14,24,1,9,20,1,8,1,"<8,20>"
"exp2-2",14,24,2,9,20.2,2,4,1,"<8,20>"
"exp2-2",14,24,3,9,20.59,2,8,1,"<8,20>"
"exp2-2",14,50,0,8,40,NA,NA,2,"<8,40>"
"exp2-2",14,50,1,9,40,1,8,2,"<8,40>"
"exp2-2",14,50,2,9,40.2,2,8,2,"<8,40>"
"exp2-2",14,50,3,9.44,40.2,1,4,2,"<8,40>"
"exp2-2",14,61,0,20,40,NA,NA,3,"<20,40>"
"exp2-2",14,61,1,20,40.2,2,8,3,"<20,40>"
"exp2-2",14,61,2,20,40.39,2,8,3,"<20,40>"
"exp2-2",14,61,3,20.2,40.39,1,4,3,"<20,40>"
"exp2-2",15,24,0,8,20,NA,NA,1,"<8,20>"
"exp2-2",15,24,1,8,20,0,0,1,"<8,20>"
"exp2-2",15,24,2,8,20,0,0,1,"<8,20>"
"exp2-2",15,24,3,8,20,0,0,1,"<8,20>"
"exp2-2",15,50,0,20,40,NA,NA,2,"<20,40>"
"exp2-2",15,50,1,20,40,0,0,2,"<20,40>"
"exp2-2",15,50,2,20,40,0,0,2,"<20,40>"
"exp2-2",15,50,3,20,40,0,0,2,"<20,40>"
"exp2-2",15,61,0,20,40,NA,NA,3,"<20,40>"
"exp2-2",15,61,1,20.4,40,1,8,3,"<20,40>"
"exp2-2",15,61,2,20.79,40,1,8,3,"<20,40>"
"exp2-2",15,61,3,21.07,40,1,6,3,"<20,40>"
"exp2-2",16,24,0,2,20,NA,NA,1,"<2,20>"
"exp2-2",16,24,1,3,20,1,2,1,"<2,20>"
"exp2-2",16,24,2,3.66,20,1,2,1,"<2,20>"
"exp2-2",16,24,3,4.2,20,1,2,1,"<2,20>"
"exp2-2",16,50,0,8,40,NA,NA,2,"<8,40>"
"exp2-2",16,50,1,9,40,1,8,2,"<8,40>"
"exp2-2",16,50,2,9.88,40,1,8,2,"<8,40>"
"exp2-2",16,50,3,10.68,40,1,8,2,"<8,40>"
"exp2-2",16,61,0,20,40,NA,NA,3,"<20,40>"
"exp2-2",16,61,1,20.4,40,1,8,3,"<20,40>"
"exp2-2",16,61,2,20.79,40,1,8,3,"<20,40>"
"exp2-2",16,61,3,21.17,40,1,8,3,"<20,40>"
"exp2-2",17,24,0,8,20,NA,NA,1,"<8,20>"
"exp2-2",17,24,1,8,20.2,2,4,1,"<8,20>"
"exp2-2",17,24,2,8.75,20.2,1,6,1,"<8,20>"
"exp2-2",17,24,3,9.43,20.2,1,6,1,"<8,20>"
"exp2-2",17,50,0,2,8,NA,NA,2,"<2,8>"
"exp2-2",17,50,1,3,8,1,2,2,"<2,8>"
"exp2-2",17,50,2,3,8.75,2,6,2,"<2,8>"
"exp2-2",17,50,3,3,9.2,2,4,2,"<2,8>"
"exp2-2",17,61,0,2,8,NA,NA,3,"<2,8>"
"exp2-2",17,61,1,2,8,1,4,3,"<2,8>"
"exp2-2",17,61,2,2,8.75,2,6,3,"<2,8>"
"exp2-2",17,61,3,2,8.75,1,8,3,"<2,8>"
"exp2-2",18,24,0,2,20,NA,NA,1,"<2,20>"
"exp2-2",18,24,1,3,20,1,2,1,"<2,20>"
"exp2-2",18,24,2,3.66,20,1,2,1,"<2,20>"
"exp2-2",18,24,3,4.2,20,1,2,1,"<2,20>"
"exp2-2",18,50,0,8,40,NA,NA,2,"<8,40>"
"exp2-2",18,50,1,9,40,1,8,2,"<8,40>"
"exp2-2",18,50,2,9.88,40,1,8,2,"<8,40>"
"exp2-2",18,50,3,10.68,40,1,8,2,"<8,40>"
"exp2-2",18,61,0,20,40,NA,NA,3,"<20,40>"
"exp2-2",18,61,1,20.4,40,1,8,3,"<20,40>"
"exp2-2",18,61,2,20.79,40,1,8,3,"<20,40>"
"exp2-2",18,61,3,21.17,40,1,8,3,"<20,40>"
"exp2-2",19,24,0,8,20,NA,NA,1,"<8,20>"
"exp2-2",19,24,1,8,20,0,0,1,"<8,20>"
"exp2-2",19,24,2,8,20,0,0,1,"<8,20>"
"exp2-2",19,24,3,8,20,0,0,1,"<8,20>"
"exp2-2",19,50,0,20,40,NA,NA,2,"<20,40>"
"exp2-2",19,50,1,20,40,0,0,2,"<20,40>"
"exp2-2",19,50,2,20,40,0,0,2,"<20,40>"
"exp2-2",19,50,3,20,40,0,0,2,"<20,40>"
"exp2-2",19,61,0,20,40,NA,NA,3,"<20,40>"
"exp2-2",19,61,1,20.4,40,1,8,3,"<20,40>"
"exp2-2",19,61,2,20.79,40,1,8,3,"<20,40>"
"exp2-2",19,61,3,21.17,40,1,8,3,"<20,40>"
"exp2-2",20,24,0,2,20,NA,NA,1,"<2,20>"
"exp2-2",20,24,1,3,20,1,2,1,"<2,20>"
"exp2-2",20,24,2,3.66,20,1,2,1,"<2,20>"
"exp2-2",20,24,3,4.2,20,1,2,1,"<2,20>"
"exp2-2",20,50,0,8,40,NA,NA,2,"<8,40>"
"exp2-2",20,50,1,9,40,1,8,2,"<8,40>"
"exp2-2",20,50,2,9.88,40,1,8,2,"<8,40>"
"exp2-2",20,50,3,10.68,40,1,8,2,"<8,40>"
"exp2-2",20,61,0,20,40,NA,NA,3,"<20,40>"
"exp2-2",20,61,1,20.4,40,1,8,3,"<20,40>"
"exp2-2",20,61,2,20.79,40,1,8,3,"<20,40>"
"exp2-2",20,61,3,21.17,40,1,8,3,"<20,40>"
"exp2-2",21,24,0,2,8,NA,NA,1,"<2,8>"
"exp2-2",21,24,1,2,8,1,4,1,"<2,8>"
"exp2-2",21,24,2,2,8.75,2,6,1,"<2,8>"
"exp2-2",21,24,3,3,8.75,1,2,1,"<2,8>"
"exp2-2",21,50,0,8,40,NA,NA,2,"<8,40>"
"exp2-2",21,50,1,8.25,40,1,2,2,"<8,40>"
"exp2-2",21,50,2,8.97,40,1,6,2,"<8,40>"
"exp2-2",21,50,3,9.63,40,1,6,2,"<8,40>"
"exp2-2",21,61,0,20,40,NA,NA,3,"<20,40>"
"exp2-2",21,61,1,20.2,40,1,4,3,"<20,40>"
"exp2-2",21,61,2,20.49,40,1,6,3,"<20,40>"
"exp2-2",21,61,3,20.49,40.15,2,6,3,"<20,40>"
"exp2-2",22,24,0,2,20,NA,NA,1,"<2,20>"
"exp2-2",22,24,1,3,20,1,2,1,"<2,20>"
"exp2-2",22,24,2,3.66,20,1,2,1,"<2,20>"
"exp2-2",22,24,3,4.2,20,1,2,1,"<2,20>"
"exp2-2",22,50,0,20,40,NA,NA,2,"<20,40>"
"exp2-2",22,50,1,20,40,0,0,2,"<20,40>"
"exp2-2",22,50,2,20,40,0,0,2,"<20,40>"
"exp2-2",22,50,3,20,40,0,0,2,"<20,40>"
"exp2-2",22,61,0,20,40,NA,NA,3,"<20,40>"
"exp2-2",22,61,1,20.4,40,1,8,3,"<20,40>"
"exp2-2",22,61,2,20.79,40,1,8,3,"<20,40>"
"exp2-2",22,61,3,21.17,40,1,8,3,"<20,40>"
"exp2-2",23,24,0,8,20,NA,NA,1,"<8,20>"
"exp2-2",23,24,1,9,20,1,8,1,"<8,20>"
"exp2-2",23,24,2,9.88,20,1,8,1,"<8,20>"
"exp2-2",23,24,3,9.88,20.4,2,8,1,"<8,20>"
"exp2-2",23,50,0,20,40,NA,NA,2,"<20,40>"
"exp2-2",23,50,1,20,40.2,2,8,2,"<20,40>"
"exp2-2",23,50,2,20.4,40.2,1,8,2,"<20,40>"
"exp2-2",23,50,3,20.4,40.39,2,8,2,"<20,40>"
"exp2-2",23,61,0,20,40,NA,NA,3,"<20,40>"
"exp2-2",23,61,1,20,40.2,2,8,3,"<20,40>"
"exp2-2",23,61,2,20.4,40.2,1,8,3,"<20,40>"
"exp2-2",23,61,3,20.79,40.2,1,8,3,"<20,40>"
"exp2-2",24,24,0,8,20,NA,NA,1,"<8,20>"
"exp2-2",24,24,1,8,20,0,2,1,"<8,20>"
"exp2-2",24,24,2,8.25,20,1,2,1,"<8,20>"
"exp2-2",24,24,3,8.25,20.2,2,4,1,"<8,20>"
"exp2-2",24,50,0,2,8,NA,NA,2,"<2,8>"
"exp2-2",24,50,1,3,8,1,2,2,"<2,8>"
"exp2-2",24,50,2,3,8.5,2,4,2,"<2,8>"
"exp2-2",24,50,3,3,8.5,1,4,2,"<2,8>"
"exp2-2",24,61,0,20,40,NA,NA,3,"<20,40>"
"exp2-2",24,61,1,20.3,40,1,6,3,"<20,40>"
"exp2-2",24,61,2,20.49,40,1,4,3,"<20,40>"
"exp2-2",24,61,3,20.58,40,1,2,3,"<20,40>"
"exp2-2",25,24,0,2,20,NA,NA,1,"<2,20>"
"exp2-2",25,24,1,3,20,1,2,1,"<2,20>"
"exp2-2",25,24,2,3.66,20,1,2,1,"<2,20>"
"exp2-2",25,24,3,4.2,20,1,2,1,"<2,20>"
"exp2-2",25,50,0,8,40,NA,NA,2,"<8,40>"
"exp2-2",25,50,1,9,40,1,8,2,"<8,40>"
"exp2-2",25,50,2,9.88,40,1,8,2,"<8,40>"
"exp2-2",25,50,3,10.68,40,1,8,2,"<8,40>"
"exp2-2",25,61,0,20,40,NA,NA,3,"<20,40>"
"exp2-2",25,61,1,20.4,40,1,8,3,"<20,40>"
"exp2-2",25,61,2,20.79,40,1,8,3,"<20,40>"
"exp2-2",25,61,3,21.17,40,1,8,3,"<20,40>"
"exp2-2",26,24,0,2,20,NA,NA,1,"<2,20>"
"exp2-2",26,24,1,3,20,1,2,1,"<2,20>"
"exp2-2",26,24,2,3.66,20,1,2,1,"<2,20>"
"exp2-2",26,24,3,4.2,20,1,2,1,"<2,20>"
"exp2-2",26,50,0,8,40,NA,NA,2,"<8,40>"
"exp2-2",26,50,1,9,40,1,8,2,"<8,40>"
"exp2-2",26,50,2,9.88,40,1,8,2,"<8,40>"
"exp2-2",26,50,3,10.68,40,1,8,2,"<8,40>"
"exp2-2",26,61,0,20,40,NA,NA,3,"<20,40>"
"exp2-2",26,61,1,20.4,40,1,8,3,"<20,40>"
"exp2-2",26,61,2,20.79,40,1,8,3,"<20,40>"
"exp2-2",26,61,3,21.17,40,1,8,3,"<20,40>"
"exp2-2",27,24,0,2,8,NA,NA,1,"<2,8>"
"exp2-2",27,24,1,3,8,1,2,1,"<2,8>"
"exp2-2",27,24,2,3.66,8,1,2,1,"<2,8>"
"exp2-2",27,24,3,3.66,8,0,0,1,"<2,8>"
"exp2-2",27,50,0,2,8,NA,NA,2,"<2,8>"
"exp2-2",27,50,1,3,8,1,2,2,"<2,8>"
"exp2-2",27,50,2,3,9,2,8,2,"<2,8>"
"exp2-2",27,50,3,3.66,9,1,2,2,"<2,8>"
"exp2-2",27,61,0,20,40,NA,NA,3,"<20,40>"
"exp2-2",27,61,1,20.4,40,1,8,3,"<20,40>"
"exp2-2",27,61,2,20.79,40,1,8,3,"<20,40>"
"exp2-2",27,61,3,21.17,40,1,8,3,"<20,40>"
"exp2-2",28,24,0,2,20,NA,NA,1,"<2,20>"
"exp2-2",28,24,1,3,20,1,2,1,"<2,20>"
"exp2-2",28,24,2,3.66,20,1,2,1,"<2,20>"
"exp2-2",28,24,3,4.2,20,1,2,1,"<2,20>"
"exp2-2",28,50,0,8,40,NA,NA,2,"<8,40>"
"exp2-2",28,50,1,9,40,1,8,2,"<8,40>"
"exp2-2",28,50,2,9.88,40,1,8,2,"<8,40>"
"exp2-2",28,50,3,10.68,40,1,8,2,"<8,40>"
"exp2-2",28,61,0,20,40,NA,NA,3,"<20,40>"
"exp2-2",28,61,1,20.4,40,1,8,3,"<20,40>"
"exp2-2",28,61,2,20.79,40,1,8,3,"<20,40>"
"exp2-2",28,61,3,21.17,40,1,8,3,"<20,40>"
"exp2-2",29,24,0,8,20,NA,NA,1,"<8,20>"
"exp2-2",29,24,1,9,20,1,8,1,"<8,20>"
"exp2-2",29,24,2,9.88,20,1,8,1,"<8,20>"
"exp2-2",29,24,3,10.68,20,1,8,1,"<8,20>"
"exp2-2",29,50,0,8,20,NA,NA,2,"<8,20>"
"exp2-2",29,50,1,9,20,1,8,2,"<8,20>"
"exp2-2",29,50,2,9.88,20,1,8,2,"<8,20>"
"exp2-2",29,50,3,10.68,20,1,8,2,"<8,20>"
"exp2-2",29,61,0,20,40,NA,NA,3,"<20,40>"
"exp2-2",29,61,1,20.4,40,1,8,3,"<20,40>"
"exp2-2",29,61,2,20.4,40.2,2,8,3,"<20,40>"
"exp2-2",29,61,3,20.79,40.2,1,8,3,"<20,40>"
"exp2-2",30,24,0,2,40,NA,NA,1,"<2,40>"
"exp2-2",30,24,1,2,40.2,2,8,1,"<2,40>"
"exp2-2",30,24,2,2,40.34,2,6,1,"<2,40>"
"exp2-2",30,24,3,2,40.53,2,8,1,"<2,40>"
"exp2-2",30,50,0,20,40,NA,NA,2,"<20,40>"
"exp2-2",30,50,1,20.3,40,1,6,2,"<20,40>"
"exp2-2",30,50,2,20.49,40,1,4,2,"<20,40>"
"exp2-2",30,50,3,20.78,40,1,6,2,"<20,40>"
"exp2-2",30,61,0,8,20,NA,NA,3,"<8,20>"
"exp2-2",30,61,1,8.25,20,1,2,3,"<8,20>"
"exp2-2",30,61,2,8.25,20.2,2,4,3,"<8,20>"
"exp2-2",30,61,3,8.25,20.39,2,4,3,"<8,20>"
"exp2-2",31,24,0,8,40,NA,NA,1,"<8,40>"
"exp2-2",31,24,1,8,40,0,0,1,"<8,40>"
"exp2-2",31,24,2,8.25,40,1,2,1,"<8,40>"
"exp2-2",31,24,3,8.25,40.1,2,4,1,"<8,40>"
"exp2-2",31,50,0,20,40,NA,NA,2,"<20,40>"
"exp2-2",31,50,1,20,40,0,0,2,"<20,40>"
"exp2-2",31,50,2,20.2,40,1,4,2,"<20,40>"
"exp2-2",31,50,3,20.2,40.15,2,6,2,"<20,40>"
"exp2-2",31,61,0,20,40,NA,NA,3,"<20,40>"
"exp2-2",31,61,1,20,40,0,0,3,"<20,40>"
"exp2-2",31,61,2,20.2,40,1,4,3,"<20,40>"
"exp2-2",31,61,3,20.2,40.15,2,6,3,"<20,40>"
"exp2-2",32,24,0,2,40,NA,NA,1,"<2,40>"
"exp2-2",32,24,1,2,40,0,0,1,"<2,40>"
"exp2-2",32,24,2,2,40,0,0,1,"<2,40>"
"exp2-2",32,24,3,2,40,0,0,1,"<2,40>"
"exp2-2",32,50,0,8,40,NA,NA,2,"<8,40>"
"exp2-2",32,50,1,9,40,1,8,2,"<8,40>"
"exp2-2",32,50,2,9.88,40,1,8,2,"<8,40>"
"exp2-2",32,50,3,10.68,40,1,8,2,"<8,40>"
"exp2-2",32,61,0,2,20,NA,NA,3,"<2,20>"
"exp2-2",32,61,1,2,20.4,2,8,3,"<2,20>"
"exp2-2",32,61,2,2,20.79,2,8,3,"<2,20>"
"exp2-2",32,61,3,2,21.17,2,8,3,"<2,20>"
"exp2-2",33,24,0,8,20,NA,NA,1,"<8,20>"
"exp2-2",33,24,1,8.5,20,1,4,1,"<8,20>"
"exp2-2",33,24,2,9.2,20,1,6,1,"<8,20>"
"exp2-2",33,24,3,9.2,20,0,2,1,"<8,20>"
"exp2-2",33,50,0,20,40,NA,NA,2,"<20,40>"
"exp2-2",33,50,1,20.1,40,1,2,2,"<20,40>"
"exp2-2",33,50,2,20.1,40.05,2,2,2,"<20,40>"
"exp2-2",33,50,3,20.1,40.05,0,2,2,"<20,40>"
"exp2-2",33,61,0,20,40,NA,NA,3,"<20,40>"
"exp2-2",33,61,1,20.2,40,1,4,3,"<20,40>"
"exp2-2",33,61,2,20.2,40.15,2,6,3,"<20,40>"
"exp2-2",33,61,3,20.39,40.15,1,4,3,"<20,40>"
"exp2-2",34,24,0,2,20,NA,NA,1,"<2,20>"
"exp2-2",34,24,1,3,20,1,2,1,"<2,20>"
"exp2-2",34,24,2,3.66,20,1,2,1,"<2,20>"
"exp2-2",34,24,3,4.2,20,1,2,1,"<2,20>"
"exp2-2",34,50,0,8,40,NA,NA,2,"<8,40>"
"exp2-2",34,50,1,9,40,1,8,2,"<8,40>"
"exp2-2",34,50,2,9.88,40,1,8,2,"<8,40>"
"exp2-2",34,50,3,10.68,40,1,8,2,"<8,40>"
"exp2-2",34,61,0,20,40,NA,NA,3,"<20,40>"
"exp2-2",34,61,1,20.4,40,1,8,3,"<20,40>"
"exp2-2",34,61,2,20.79,40,1,8,3,"<20,40>"
"exp2-2",34,61,3,21.17,40,1,8,3,"<20,40>"
"exp2-2",35,24,0,2,20,NA,NA,1,"<2,20>"
"exp2-2",35,24,1,3,20,1,2,1,"<2,20>"
"exp2-2",35,24,2,3.66,20,1,2,1,"<2,20>"
"exp2-2",35,24,3,4.2,20,1,2,1,"<2,20>"
"exp2-2",35,50,0,8,40,NA,NA,2,"<8,40>"
"exp2-2",35,50,1,9,40,1,8,2,"<8,40>"
"exp2-2",35,50,2,9.88,40,1,8,2,"<8,40>"
"exp2-2",35,50,3,10.68,40,1,8,2,"<8,40>"
"exp2-2",35,61,0,20,40,NA,NA,3,"<20,40>"
"exp2-2",35,61,1,20.4,40,1,8,3,"<20,40>"
"exp2-2",35,61,2,20.79,40,1,8,3,"<20,40>"
"exp2-2",35,61,3,21.17,40,1,8,3,"<20,40>"
"exp2-2",36,24,0,2,8,NA,NA,1,"<2,8>"
"exp2-2",36,24,1,3,8,1,2,1,"<2,8>"
"exp2-2",36,24,2,3.66,8,1,2,1,"<2,8>"
"exp2-2",36,24,3,3.66,9,2,8,1,"<2,8>"
"exp2-2",36,50,0,20,40,NA,NA,2,"<20,40>"
"exp2-2",36,50,1,20.4,40,1,8,2,"<20,40>"
"exp2-2",36,50,2,20.79,40,1,8,2,"<20,40>"
"exp2-2",36,50,3,21.17,40,1,8,2,"<20,40>"
"exp2-2",36,61,0,8,20,NA,NA,3,"<8,20>"
"exp2-2",36,61,1,9,20,1,8,3,"<8,20>"
"exp2-2",36,61,2,9.88,20,1,8,3,"<8,20>"
"exp2-2",36,61,3,10.68,20,1,8,3,"<8,20>"
"exp2-2",37,24,0,2,20,NA,NA,1,"<2,20>"
"exp2-2",37,24,1,3,20,1,2,1,"<2,20>"
"exp2-2",37,24,2,3.66,20,1,2,1,"<2,20>"
"exp2-2",37,24,3,4.2,20,1,2,1,"<2,20>"
"exp2-2",37,50,0,8,40,NA,NA,2,"<8,40>"
"exp2-2",37,50,1,9,40,1,8,2,"<8,40>"
"exp2-2",37,50,2,9.88,40,1,8,2,"<8,40>"
"exp2-2",37,50,3,10.68,40,1,8,2,"<8,40>"
"exp2-2",37,61,0,20,40,NA,NA,3,"<20,40>"
"exp2-2",37,61,1,20.4,40,1,8,3,"<20,40>"
"exp2-2",37,61,2,20.79,40,1,8,3,"<20,40>"
"exp2-2",37,61,3,21.17,40,1,8,3,"<20,40>"
"exp2-2",38,24,0,2,20,NA,NA,1,"<2,20>"
"exp2-2",38,24,1,3,20,1,2,1,"<2,20>"
"exp2-2",38,24,2,3.66,20,1,2,1,"<2,20>"
"exp2-2",38,24,3,4.2,20,1,2,1,"<2,20>"
"exp2-2",38,50,0,20,40,NA,NA,2,"<20,40>"
"exp2-2",38,50,1,20,40,0,0,2,"<20,40>"
"exp2-2",38,50,2,20,40,0,0,2,"<20,40>"
"exp2-2",38,50,3,20,40,0,0,2,"<20,40>"
"exp2-2",38,61,0,8,40,NA,NA,3,"<8,40>"
"exp2-2",38,61,1,9,40,1,8,3,"<8,40>"
"exp2-2",38,61,2,9.88,40,1,8,3,"<8,40>"
"exp2-2",38,61,3,10.68,40,1,8,3,"<8,40>"
"exp2-2",39,24,0,8,20,NA,NA,1,"<8,20>"
"exp2-2",39,24,1,9,20,1,8,1,"<8,20>"
"exp2-2",39,24,2,9.88,20,1,8,1,"<8,20>"
"exp2-2",39,24,3,10.68,20,1,8,1,"<8,20>"
"exp2-2",39,50,0,20,40,NA,NA,2,"<20,40>"
"exp2-2",39,50,1,20,40.05,2,2,2,"<20,40>"
"exp2-2",39,50,2,20,40.14,2,4,2,"<20,40>"
"exp2-2",39,50,3,20,40.23,2,4,2,"<20,40>"
"exp2-2",39,61,0,20,40,NA,NA,3,"<20,40>"
"exp2-2",39,61,1,20,40.2,2,8,3,"<20,40>"
"exp2-2",39,61,2,20.1,40.2,1,2,3,"<20,40>"
"exp2-2",39,61,3,20.1,40.39,2,8,3,"<20,40>"
"exp2-2",40,24,0,2,8,NA,NA,1,"<2,8>"
"exp2-2",40,24,1,2,8.25,2,2,1,"<2,8>"
"exp2-2",40,24,2,2,8.49,2,2,1,"<2,8>"
"exp2-2",40,24,3,3,8.49,1,2,1,"<2,8>"
"exp2-2",40,50,0,20,40,NA,NA,2,"<20,40>"
"exp2-2",40,50,1,20,40.1,2,4,2,"<20,40>"
"exp2-2",40,50,2,20.1,40.1,1,2,2,"<20,40>"
"exp2-2",40,50,3,20.1,40.19,2,4,2,"<20,40>"
"exp2-2",40,61,0,20,40,NA,NA,3,"<20,40>"
"exp2-2",40,61,1,20,40.1,2,4,3,"<20,40>"
"exp2-2",40,61,2,20.1,40.1,1,2,3,"<20,40>"
"exp2-2",40,61,3,20.1,40.19,2,4,3,"<20,40>"
"exp2-2",41,24,0,2,8,NA,NA,1,"<2,8>"
"exp2-2",41,24,1,3,8,1,2,1,"<2,8>"
"exp2-2",41,24,2,3,9,2,8,1,"<2,8>"
"exp2-2",41,24,3,3.66,9,1,2,1,"<2,8>"
"exp2-2",41,50,0,8,20,NA,NA,2,"<8,20>"
"exp2-2",41,50,1,8,20.4,2,8,2,"<8,20>"
"exp2-2",41,50,2,9,20.4,1,8,2,"<8,20>"
"exp2-2",41,50,3,9,20.79,2,8,2,"<8,20>"
"exp2-2",41,61,0,20,40,NA,NA,3,"<20,40>"
"exp2-2",41,61,1,20.4,40,1,8,3,"<20,40>"
"exp2-2",41,61,2,20.79,40,1,8,3,"<20,40>"
"exp2-2",41,61,3,21.17,40,1,8,3,"<20,40>"
"exp2-2",42,24,0,8,20,NA,NA,1,"<8,20>"
"exp2-2",42,24,1,8,20,0,0,1,"<8,20>"
"exp2-2",42,24,2,8,20,0,0,1,"<8,20>"
"exp2-2",42,24,3,8,20,0,0,1,"<8,20>"
"exp2-2",42,50,0,20,40,NA,NA,2,"<20,40>"
"exp2-2",42,50,1,20,40,0,0,2,"<20,40>"
"exp2-2",42,50,2,20,40,0,0,2,"<20,40>"
"exp2-2",42,50,3,20,40,0,0,2,"<20,40>"
"exp2-2",42,61,0,20,40,NA,NA,3,"<20,40>"
"exp2-2",42,61,1,20.4,40,1,8,3,"<20,40>"
"exp2-2",42,61,2,20.79,40,1,8,3,"<20,40>"
"exp2-2",42,61,3,21.17,40,1,8,3,"<20,40>"
"exp2-2",43,24,0,8,20,NA,NA,1,"<8,20>"
"exp2-2",43,24,1,8,20,0,0,1,"<8,20>"
"exp2-2",43,24,2,8,20,0,0,1,"<8,20>"
"exp2-2",43,24,3,8,20,0,0,1,"<8,20>"
"exp2-2",43,50,0,20,40,NA,NA,2,"<20,40>"
"exp2-2",43,50,1,20,40,0,0,2,"<20,40>"
"exp2-2",43,50,2,20,40,0,0,2,"<20,40>"
"exp2-2",43,50,3,20,40,0,0,2,"<20,40>"
"exp2-2",43,61,0,20,40,NA,NA,3,"<20,40>"
"exp2-2",43,61,1,20,40.1,2,4,3,"<20,40>"
"exp2-2",43,61,2,20.1,40.1,1,2,3,"<20,40>"
"exp2-2",43,61,3,20.1,40.24,2,6,3,"<20,40>"
"exp2-2",44,24,0,20,40,NA,NA,1,"<20,40>"
"exp2-2",44,24,1,20.1,40,1,2,1,"<20,40>"
"exp2-2",44,24,2,20.29,40,1,4,1,"<20,40>"
"exp2-2",44,24,3,20.38,40,1,2,1,"<20,40>"
"exp2-2",44,50,0,2,8,NA,NA,2,"<2,8>"
"exp2-2",44,50,1,2,9,2,8,2,"<2,8>"
"exp2-2",44,50,2,2,9,1,8,2,"<2,8>"
"exp2-2",44,50,3,2,9,1,8,2,"<2,8>"
"exp2-2",44,61,0,8,20,NA,NA,3,"<8,20>"
"exp2-2",44,61,1,8,20.4,2,8,3,"<8,20>"
"exp2-2",44,61,2,8,20.79,2,8,3,"<8,20>"
"exp2-2",44,61,3,9,20.79,1,8,3,"<8,20>"
"exp2-2",45,24,0,8,20,NA,NA,1,"<8,20>"
"exp2-2",45,24,1,8,20,0,0,1,"<8,20>"
"exp2-2",45,24,2,8,20,0,0,1,"<8,20>"
"exp2-2",45,24,3,8,20,0,0,1,"<8,20>"
"exp2-2",45,50,0,20,40,NA,NA,2,"<20,40>"
"exp2-2",45,50,1,20.4,40,1,8,2,"<20,40>"
"exp2-2",45,50,2,20.79,40,1,8,2,"<20,40>"
"exp2-2",45,50,3,21.17,40,1,8,2,"<20,40>"
"exp2-2",45,61,0,20,40,NA,NA,3,"<20,40>"
"exp2-2",45,61,1,20.4,40,1,8,3,"<20,40>"
"exp2-2",45,61,2,20.79,40,1,8,3,"<20,40>"
"exp2-2",45,61,3,21.17,40,1,8,3,"<20,40>"
"exp2-2",46,24,0,2,20,NA,NA,1,"<2,20>"
"exp2-2",46,24,1,3,20,1,2,1,"<2,20>"
"exp2-2",46,24,2,3.66,20,1,2,1,"<2,20>"
"exp2-2",46,24,3,4.2,20,1,2,1,"<2,20>"
"exp2-2",46,50,0,8,40,NA,NA,2,"<8,40>"
"exp2-2",46,50,1,9,40,1,8,2,"<8,40>"
"exp2-2",46,50,2,9.88,40,1,8,2,"<8,40>"
"exp2-2",46,50,3,10.68,40,1,8,2,"<8,40>"
"exp2-2",46,61,0,20,40,NA,NA,3,"<20,40>"
"exp2-2",46,61,1,20.4,40,1,8,3,"<20,40>"
"exp2-2",46,61,2,20.79,40,1,8,3,"<20,40>"
"exp2-2",46,61,3,21.17,40,1,8,3,"<20,40>"
"exp2-2",47,24,0,2,20,NA,NA,1,"<2,20>"
"exp2-2",47,24,1,3,20,1,2,1,"<2,20>"
"exp2-2",47,24,2,3.66,20,1,2,1,"<2,20>"
"exp2-2",47,24,3,4.2,20,1,2,1,"<2,20>"
"exp2-2",47,50,0,8,40,NA,NA,2,"<8,40>"
"exp2-2",47,50,1,9,40,1,8,2,"<8,40>"
"exp2-2",47,50,2,9.88,40,1,8,2,"<8,40>"
"exp2-2",47,50,3,10.68,40,1,8,2,"<8,40>"
"exp2-2",47,61,0,20,40,NA,NA,3,"<20,40>"
"exp2-2",47,61,1,20.4,40,1,8,3,"<20,40>"
"exp2-2",47,61,2,20.79,40,1,8,3,"<20,40>"
"exp2-2",47,61,3,21.17,40,1,8,3,"<20,40>"
"exp2-2",48,24,0,2,8,NA,NA,1,"<2,8>"
"exp2-2",48,24,1,3,8,1,2,1,"<2,8>"
"exp2-2",48,24,2,3,9,2,8,1,"<2,8>"
"exp2-2",48,24,3,3,9.88,2,8,1,"<2,8>"
"exp2-2",48,50,0,2,8,NA,NA,2,"<2,8>"
"exp2-2",48,50,1,3,8,1,2,2,"<2,8>"
"exp2-2",48,50,2,3,9,2,8,2,"<2,8>"
"exp2-2",48,50,3,3,9,1,4,2,"<2,8>"
"exp2-2",48,61,0,20,40,NA,NA,3,"<20,40>"
"exp2-2",48,61,1,20,40.2,2,8,3,"<20,40>"
"exp2-2",48,61,2,20.4,40.2,1,8,3,"<20,40>"
"exp2-2",48,61,3,20.4,40.39,2,8,3,"<20,40>"
"exp2-2",49,24,0,2,20,NA,NA,1,"<2,20>"
"exp2-2",49,24,1,3,20,1,2,1,"<2,20>"
"exp2-2",49,24,2,3.66,20,1,2,1,"<2,20>"
"exp2-2",49,24,3,4.2,20,1,2,1,"<2,20>"
"exp2-2",49,50,0,8,40,NA,NA,2,"<8,40>"
"exp2-2",49,50,1,9,40,1,8,2,"<8,40>"
"exp2-2",49,50,2,9.88,40,1,8,2,"<8,40>"
"exp2-2",49,50,3,10.68,40,1,8,2,"<8,40>"
"exp2-2",49,61,0,20,40,NA,NA,3,"<20,40>"
"exp2-2",49,61,1,20.4,40,1,8,3,"<20,40>"
"exp2-2",49,61,2,20.79,40,1,8,3,"<20,40>"
"exp2-2",49,61,3,21.17,40,1,8,3,"<20,40>"
"exp2-2",50,24,0,8,20,NA,NA,1,"<8,20>"
"exp2-2",50,24,1,8.25,20,1,2,1,"<8,20>"
"exp2-2",50,24,2,8.49,20,1,2,1,"<8,20>"
"exp2-2",50,24,3,8.96,20,1,4,1,"<8,20>"
"exp2-2",50,50,0,2,20,NA,NA,2,"<2,20>"
"exp2-2",50,50,1,3,20,1,2,2,"<2,20>"
"exp2-2",50,50,2,3,20.2,2,4,2,"<2,20>"
"exp2-2",50,50,3,3.66,20.2,1,2,2,"<2,20>"
"exp2-2",50,61,0,2,20,NA,NA,3,"<2,20>"
"exp2-2",50,61,1,3,20,1,2,3,"<2,20>"
"exp2-2",50,61,2,3.66,20,1,2,3,"<2,20>"
"exp2-2",50,61,3,3.66,20,1,4,3,"<2,20>"
"exp2-2",51,24,0,2,20,NA,NA,1,"<2,20>"
"exp2-2",51,24,1,3,20,1,2,1,"<2,20>"
"exp2-2",51,24,2,3.66,20,1,2,1,"<2,20>"
"exp2-2",51,24,3,4.2,20,1,2,1,"<2,20>"
"exp2-2",51,50,0,2,40,NA,NA,2,"<2,40>"
"exp2-2",51,50,1,3,40,1,2,2,"<2,40>"
"exp2-2",51,50,2,3.66,40,1,2,2,"<2,40>"
"exp2-2",51,50,3,4.2,40,1,2,2,"<2,40>"
"exp2-2",51,61,0,20,40,NA,NA,3,"<20,40>"
"exp2-2",51,61,1,20.4,40,1,8,3,"<20,40>"
"exp2-2",51,61,2,20.79,40,1,8,3,"<20,40>"
"exp2-2",51,61,3,21.17,40,1,8,3,"<20,40>"
"exp2-2",52,24,0,2,20,NA,NA,1,"<2,20>"
"exp2-2",52,24,1,3,20,1,2,1,"<2,20>"
"exp2-2",52,24,2,3.66,20,1,2,1,"<2,20>"
"exp2-2",52,24,3,4.2,20,1,2,1,"<2,20>"
"exp2-2",52,50,0,8,40,NA,NA,2,"<8,40>"
"exp2-2",52,50,1,9,40,1,8,2,"<8,40>"
"exp2-2",52,50,2,9.88,40,1,8,2,"<8,40>"
"exp2-2",52,50,3,10.48,40,1,6,2,"<8,40>"
"exp2-2",52,61,0,20,40,NA,NA,3,"<20,40>"
"exp2-2",52,61,1,20.4,40,1,8,3,"<20,40>"
"exp2-2",52,61,2,20.79,40,1,8,3,"<20,40>"
"exp2-2",52,61,3,21.17,40,1,8,3,"<20,40>"
"exp2-2",53,24,0,8,20,NA,NA,1,"<8,20>"
"exp2-2",53,24,1,9,20,1,8,1,"<8,20>"
"exp2-2",53,24,2,9.88,20,1,8,1,"<8,20>"
"exp2-2",53,24,3,10.68,20,1,8,1,"<8,20>"
"exp2-2",53,50,0,20,40,NA,NA,2,"<20,40>"
"exp2-2",53,50,1,20,40,0,0,2,"<20,40>"
"exp2-2",53,50,2,20,40,0,0,2,"<20,40>"
"exp2-2",53,50,3,20,40,0,0,2,"<20,40>"
"exp2-2",53,61,0,20,40,NA,NA,3,"<20,40>"
"exp2-2",53,61,1,20.4,40,1,8,3,"<20,40>"
"exp2-2",53,61,2,20.79,40,1,8,3,"<20,40>"
"exp2-2",53,61,3,21.17,40,1,8,3,"<20,40>"
"exp2-2",54,24,0,2,20,NA,NA,1,"<2,20>"
"exp2-2",54,24,1,3,20,1,2,1,"<2,20>"
"exp2-2",54,24,2,3.66,20,1,2,1,"<2,20>"
"exp2-2",54,24,3,4.2,20,1,2,1,"<2,20>"
"exp2-2",54,50,0,8,40,NA,NA,2,"<8,40>"
"exp2-2",54,50,1,9,40,1,8,2,"<8,40>"
"exp2-2",54,50,2,9.88,40,1,8,2,"<8,40>"
"exp2-2",54,50,3,10.68,40,1,8,2,"<8,40>"
"exp2-2",54,61,0,20,40,NA,NA,3,"<20,40>"
"exp2-2",54,61,1,20.4,40,1,8,3,"<20,40>"
"exp2-2",54,61,2,20.79,40,1,8,3,"<20,40>"
"exp2-2",54,61,3,21.17,40,1,8,3,"<20,40>"
"exp2-2",55,24,0,2,20,NA,NA,1,"<2,20>"
"exp2-2",55,24,1,2,20,0,0,1,"<2,20>"
"exp2-2",55,24,2,2,20.4,2,8,1,"<2,20>"
"exp2-2",55,24,3,2,20.79,2,8,1,"<2,20>"
"exp2-2",55,50,0,8,40,NA,NA,2,"<8,40>"
"exp2-2",55,50,1,8.75,40,1,6,2,"<8,40>"
"exp2-2",55,50,2,9.66,40,1,8,2,"<8,40>"
"exp2-2",55,50,3,10.07,40,1,4,2,"<8,40>"
"exp2-2",55,61,0,20,40,NA,NA,3,"<20,40>"
"exp2-2",55,61,1,20.1,40,1,2,3,"<20,40>"
"exp2-2",55,61,2,20.49,40,1,8,3,"<20,40>"
"exp2-2",55,61,3,20.49,40.2,2,8,3,"<20,40>"
"exp2-2",56,24,0,20,40,NA,NA,1,"<20,40>"
"exp2-2",56,24,1,20,40,0,0,1,"<20,40>"
"exp2-2",56,24,2,20,40,0,0,1,"<20,40>"
"exp2-2",56,24,3,20,40,0,0,1,"<20,40>"
"exp2-2",56,50,0,20,40,NA,NA,2,"<20,40>"
"exp2-2",56,50,1,20,40,0,0,2,"<20,40>"
"exp2-2",56,50,2,20,40,0,0,2,"<20,40>"
"exp2-2",56,50,3,20,40,0,0,2,"<20,40>"
"exp2-2",56,61,0,20,40,NA,NA,3,"<20,40>"
"exp2-2",56,61,1,20,40,0,0,3,"<20,40>"
"exp2-2",56,61,2,20,40,0,0,3,"<20,40>"
"exp2-2",56,61,3,20,40,0,0,3,"<20,40>"
"exp2-2",57,24,0,2,20,NA,NA,1,"<2,20>"
"exp2-2",57,24,1,3,20,1,2,1,"<2,20>"
"exp2-2",57,24,2,3.66,20,1,2,1,"<2,20>"
"exp2-2",57,24,3,4.2,20,1,2,1,"<2,20>"
"exp2-2",57,50,0,8,40,NA,NA,2,"<8,40>"
"exp2-2",57,50,1,9,40,1,8,2,"<8,40>"
"exp2-2",57,50,2,9.88,40,1,8,2,"<8,40>"
"exp2-2",57,50,3,10.68,40,1,8,2,"<8,40>"
"exp2-2",57,61,0,20,40,NA,NA,3,"<20,40>"
"exp2-2",57,61,1,20.4,40,1,8,3,"<20,40>"
"exp2-2",57,61,2,20.79,40,1,8,3,"<20,40>"
"exp2-2",57,61,3,21.17,40,1,8,3,"<20,40>"
"exp2-2",58,24,0,8,20,NA,NA,1,"<8,20>"
"exp2-2",58,24,1,9,20,1,8,1,"<8,20>"
"exp2-2",58,24,2,9.88,20,1,8,1,"<8,20>"
"exp2-2",58,24,3,10.68,20,1,8,1,"<8,20>"
"exp2-2",58,50,0,20,40,NA,NA,2,"<20,40>"
"exp2-2",58,50,1,20,40,0,0,2,"<20,40>"
"exp2-2",58,50,2,20,40,0,0,2,"<20,40>"
"exp2-2",58,50,3,20,40,0,0,2,"<20,40>"
"exp2-2",58,61,0,20,40,NA,NA,3,"<20,40>"
"exp2-2",58,61,1,20.4,40,1,8,3,"<20,40>"
"exp2-2",58,61,2,20.79,40,1,8,3,"<20,40>"
"exp2-2",58,61,3,20.79,40.2,2,8,3,"<20,40>"
"exp2-2",59,24,0,2,20,NA,NA,1,"<2,20>"
"exp2-2",59,24,1,2,20,1,8,1,"<2,20>"
"exp2-2",59,24,2,3,20,1,2,1,"<2,20>"
"exp2-2",59,24,3,3.66,20,1,2,1,"<2,20>"
"exp2-2",59,50,0,20,40,NA,NA,2,"<20,40>"
"exp2-2",59,50,1,20,40,0,0,2,"<20,40>"
"exp2-2",59,50,2,20,40,0,0,2,"<20,40>"
"exp2-2",59,50,3,20,40,0,0,2,"<20,40>"
"exp2-2",59,61,0,20,40,NA,NA,3,"<20,40>"
"exp2-2",59,61,1,20.1,40,1,2,3,"<20,40>"
"exp2-2",59,61,2,20.49,40,1,8,3,"<20,40>"
"exp2-2",59,61,3,20.88,40,1,8,3,"<20,40>"
"exp2-2",60,24,0,8,20,NA,NA,1,"<8,20>"
"exp2-2",60,24,1,8.75,20,1,6,1,"<8,20>"
"exp2-2",60,24,2,9.66,20,1,8,1,"<8,20>"
"exp2-2",60,24,3,9.66,20,0,0,1,"<8,20>"
"exp2-2",60,50,0,8,40,NA,NA,2,"<8,40>"
"exp2-2",60,50,1,9,40,1,8,2,"<8,40>"
"exp2-2",60,50,2,9.88,40,1,8,2,"<8,40>"
"exp2-2",60,50,3,10.68,40,1,8,2,"<8,40>"
"exp2-2",60,61,0,8,20,NA,NA,3,"<8,20>"
"exp2-2",60,61,1,9,20,1,8,3,"<8,20>"
"exp2-2",60,61,2,9.88,20,1,8,3,"<8,20>"
"exp2-2",60,61,3,10.68,20,1,8,3,"<8,20>"
"exp2-2",61,24,0,8,20,NA,NA,1,"<8,20>"
"exp2-2",61,24,1,8,20,0,0,1,"<8,20>"
"exp2-2",61,24,2,8,20,0,0,1,"<8,20>"
"exp2-2",61,24,3,8,20,0,0,1,"<8,20>"
"exp2-2",61,50,0,8,40,NA,NA,2,"<8,40>"
"exp2-2",61,50,1,9,40,1,8,2,"<8,40>"
"exp2-2",61,50,2,9.88,40,1,8,2,"<8,40>"
"exp2-2",61,50,3,10.68,40,1,8,2,"<8,40>"
"exp2-2",61,61,0,20,40,NA,NA,3,"<20,40>"
"exp2-2",61,61,1,20.4,40,1,8,3,"<20,40>"
"exp2-2",61,61,2,20.79,40,1,8,3,"<20,40>"
"exp2-2",61,61,3,21.17,40,1,8,3,"<20,40>"
"exp2-2",62,24,0,8,20,NA,NA,1,"<8,20>"
"exp2-2",62,24,1,9,20,1,8,1,"<8,20>"
"exp2-2",62,24,2,9.88,20,1,8,1,"<8,20>"
"exp2-2",62,24,3,10.68,20,1,8,1,"<8,20>"
"exp2-2",62,50,0,8,40,NA,NA,2,"<8,40>"
"exp2-2",62,50,1,9,40,1,8,2,"<8,40>"
"exp2-2",62,50,2,9.88,40,1,8,2,"<8,40>"
"exp2-2",62,50,3,10.68,40,1,8,2,"<8,40>"
"exp2-2",62,61,0,20,40,NA,NA,3,"<20,40>"
"exp2-2",62,61,1,20.4,40,1,8,3,"<20,40>"
"exp2-2",62,61,2,20.79,40,1,8,3,"<20,40>"
"exp2-2",62,61,3,21.17,40,1,8,3,"<20,40>"
"exp2-2",63,24,0,8,20,NA,NA,1,"<8,20>"
"exp2-2",63,24,1,8,20,0,0,1,"<8,20>"
"exp2-2",63,24,2,8,20,0,0,1,"<8,20>"
"exp2-2",63,24,3,8,20,0,0,1,"<8,20>"
"exp2-2",63,50,0,8,40,NA,NA,2,"<8,40>"
"exp2-2",63,50,1,9,40,1,8,2,"<8,40>"
"exp2-2",63,50,2,9.88,40,1,8,2,"<8,40>"
"exp2-2",63,50,3,10.68,40,1,8,2,"<8,40>"
"exp2-2",63,61,0,20,40,NA,NA,3,"<20,40>"
"exp2-2",63,61,1,20.4,40,1,8,3,"<20,40>"
"exp2-2",63,61,2,20.79,40,1,8,3,"<20,40>"
"exp2-2",63,61,3,21.17,40,1,8,3,"<20,40>"
"exp2-2",64,24,0,2,20,NA,NA,1,"<2,20>"
"exp2-2",64,24,1,3,20,1,2,1,"<2,20>"
"exp2-2",64,24,2,3.66,20,1,2,1,"<2,20>"
"exp2-2",64,24,3,4.2,20,1,2,1,"<2,20>"
"exp2-2",64,50,0,8,40,NA,NA,2,"<8,40>"
"exp2-2",64,50,1,9,40,1,8,2,"<8,40>"
"exp2-2",64,50,2,9.88,40,1,8,2,"<8,40>"
"exp2-2",64,50,3,10.68,40,1,8,2,"<8,40>"
"exp2-2",64,61,0,20,40,NA,NA,3,"<20,40>"
"exp2-2",64,61,1,20.4,40,1,8,3,"<20,40>"
"exp2-2",64,61,2,20.79,40,1,8,3,"<20,40>"
"exp2-2",64,61,3,21.17,40,1,8,3,"<20,40>"
"exp2-2",65,24,0,2,20,NA,NA,1,"<2,20>"
"exp2-2",65,24,1,3,20,1,2,1,"<2,20>"
"exp2-2",65,24,2,3.66,20,1,2,1,"<2,20>"
"exp2-2",65,24,3,4.2,20,1,2,1,"<2,20>"
"exp2-2",65,50,0,8,40,NA,NA,2,"<8,40>"
"exp2-2",65,50,1,9,40,1,8,2,"<8,40>"
"exp2-2",65,50,2,9.88,40,1,8,2,"<8,40>"
"exp2-2",65,50,3,10.68,40,1,8,2,"<8,40>"
"exp2-2",65,61,0,20,40,NA,NA,3,"<20,40>"
"exp2-2",65,61,1,20.4,40,1,8,3,"<20,40>"
"exp2-2",65,61,2,20.79,40,1,8,3,"<20,40>"
"exp2-2",65,61,3,21.17,40,1,8,3,"<20,40>"
"exp2-2",66,24,0,20,40,NA,NA,1,"<20,40>"
"exp2-2",66,24,1,20,40,0,0,1,"<20,40>"
"exp2-2",66,24,2,20,40,0,0,1,"<20,40>"
"exp2-2",66,24,3,20,40,0,0,1,"<20,40>"
"exp2-2",66,50,0,2,8,NA,NA,2,"<2,8>"
"exp2-2",66,50,1,3,8,1,2,2,"<2,8>"
"exp2-2",66,50,2,3,8,1,4,2,"<2,8>"
"exp2-2",66,50,3,3.66,8,1,2,2,"<2,8>"
"exp2-2",66,61,0,8,20,NA,NA,3,"<8,20>"
"exp2-2",66,61,1,8.5,20,1,4,3,"<8,20>"
"exp2-2",66,61,2,9.2,20,1,6,3,"<8,20>"
"exp2-2",66,61,3,10.06,20,1,8,3,"<8,20>"
"exp2-2",67,24,0,2,20,NA,NA,1,"<2,20>"
"exp2-2",67,24,1,3,20,1,2,1,"<2,20>"
"exp2-2",67,24,2,3.66,20,1,2,1,"<2,20>"
"exp2-2",67,24,3,4.2,20,1,2,1,"<2,20>"
"exp2-2",67,50,0,8,40,NA,NA,2,"<8,40>"
"exp2-2",67,50,1,9,40,1,8,2,"<8,40>"
"exp2-2",67,50,2,9.88,40,1,8,2,"<8,40>"
"exp2-2",67,50,3,10.68,40,1,8,2,"<8,40>"
"exp2-2",67,61,0,20,40,NA,NA,3,"<20,40>"
"exp2-2",67,61,1,20.4,40,1,8,3,"<20,40>"
"exp2-2",67,61,2,20.79,40,1,8,3,"<20,40>"
"exp2-2",67,61,3,21.17,40,1,8,3,"<20,40>"
"exp2-2",68,24,0,2,20,NA,NA,1,"<2,20>"
"exp2-2",68,24,1,3,20,1,2,1,"<2,20>"
"exp2-2",68,24,2,3.66,20,1,2,1,"<2,20>"
"exp2-2",68,24,3,4.2,20,1,2,1,"<2,20>"
"exp2-2",68,50,0,8,40,NA,NA,2,"<8,40>"
"exp2-2",68,50,1,8,40.2,2,8,2,"<8,40>"
"exp2-2",68,50,2,9,40.2,1,8,2,"<8,40>"
"exp2-2",68,50,3,9.88,40.2,1,8,2,"<8,40>"
"exp2-2",68,61,0,20,40,NA,NA,3,"<20,40>"
"exp2-2",68,61,1,20.4,40,1,8,3,"<20,40>"
"exp2-2",68,61,2,20.4,40.2,2,8,3,"<20,40>"
"exp2-2",68,61,3,20.79,40.2,1,8,3,"<20,40>"
"exp2-2",69,24,0,8,20,NA,NA,1,"<8,20>"
"exp2-2",69,24,1,8.25,20,1,2,1,"<8,20>"
"exp2-2",69,24,2,8.25,20.2,2,4,1,"<8,20>"
"exp2-2",69,24,3,8.49,20.2,1,2,1,"<8,20>"
"exp2-2",69,50,0,2,40,NA,NA,2,"<2,40>"
"exp2-2",69,50,1,3,40,1,2,2,"<2,40>"
"exp2-2",69,50,2,3,40.1,2,4,2,"<2,40>"
"exp2-2",69,50,3,3,40.1,1,4,2,"<2,40>"
"exp2-2",69,61,0,2,20,NA,NA,3,"<2,20>"
"exp2-2",69,61,1,3,20,1,2,3,"<2,20>"
"exp2-2",69,61,2,3.66,20,1,2,3,"<2,20>"
"exp2-2",69,61,3,3.66,20.2,2,4,3,"<2,20>"
"exp2-2",70,24,0,8,20,NA,NA,1,"<8,20>"
"exp2-2",70,24,1,9,20,1,8,1,"<8,20>"
"exp2-2",70,24,2,9.88,20,1,8,1,"<8,20>"
"exp2-2",70,24,3,10.68,20,1,8,1,"<8,20>"
"exp2-2",70,50,0,8,40,NA,NA,2,"<8,40>"
"exp2-2",70,50,1,9,40,1,8,2,"<8,40>"
"exp2-2",70,50,2,9.88,40,1,8,2,"<8,40>"
"exp2-2",70,50,3,10.68,40,1,8,2,"<8,40>"
"exp2-2",70,61,0,20,40,NA,NA,3,"<20,40>"
"exp2-2",70,61,1,20.4,40,1,8,3,"<20,40>"
"exp2-2",70,61,2,20.79,40,1,8,3,"<20,40>"
"exp2-2",70,61,3,21.17,40,1,8,3,"<20,40>"
"exp2-2",71,24,0,2,20,NA,NA,1,"<2,20>"
"exp2-2",71,24,1,3,20,1,2,1,"<2,20>"
"exp2-2",71,24,2,3.66,20,1,2,1,"<2,20>"
"exp2-2",71,24,3,4.2,20,1,2,1,"<2,20>"
"exp2-2",71,50,0,8,40,NA,NA,2,"<8,40>"
"exp2-2",71,50,1,9,40,1,8,2,"<8,40>"
"exp2-2",71,50,2,9.88,40,1,8,2,"<8,40>"
"exp2-2",71,50,3,10.68,40,1,8,2,"<8,40>"
"exp2-2",71,61,0,20,40,NA,NA,3,"<20,40>"
"exp2-2",71,61,1,20.4,40,1,8,3,"<20,40>"
"exp2-2",71,61,2,20.79,40,1,8,3,"<20,40>"
"exp2-2",71,61,3,21.17,40,1,8,3,"<20,40>"
"exp2-2",72,24,0,2,20,NA,NA,1,"<2,20>"
"exp2-2",72,24,1,3,20,1,2,1,"<2,20>"
"exp2-2",72,24,2,3.66,20,1,2,1,"<2,20>"
"exp2-2",72,24,3,4.2,20,1,2,1,"<2,20>"
"exp2-2",72,50,0,8,40,NA,NA,2,"<8,40>"
"exp2-2",72,50,1,9,40,1,8,2,"<8,40>"
"exp2-2",72,50,2,9.88,40,1,8,2,"<8,40>"
"exp2-2",72,50,3,10.68,40,1,8,2,"<8,40>"
"exp2-2",72,61,0,20,40,NA,NA,3,"<20,40>"
"exp2-2",72,61,1,20.4,40,1,8,3,"<20,40>"
"exp2-2",72,61,2,20.79,40,1,8,3,"<20,40>"
"exp2-2",72,61,3,21.17,40,1,8,3,"<20,40>"
"exp2-2",73,24,0,20,40,NA,NA,1,"<20,40>"
"exp2-2",73,24,1,20.4,40,1,8,1,"<20,40>"
"exp2-2",73,24,2,20.79,40,1,8,1,"<20,40>"
"exp2-2",73,24,3,21.17,40,1,8,1,"<20,40>"
"exp2-2",73,50,0,20,40,NA,NA,2,"<20,40>"
"exp2-2",73,50,1,20.1,40,1,2,2,"<20,40>"
"exp2-2",73,50,2,20.49,40,1,8,2,"<20,40>"
"exp2-2",73,50,3,20.88,40,1,8,2,"<20,40>"
"exp2-2",73,61,0,20,40,NA,NA,3,"<20,40>"
"exp2-2",73,61,1,20.4,40,1,8,3,"<20,40>"
"exp2-2",73,61,2,20.79,40,1,8,3,"<20,40>"
"exp2-2",73,61,3,21.17,40,1,8,3,"<20,40>"
"exp2-2",74,24,0,8,20,NA,NA,1,"<8,20>"
"exp2-2",74,24,1,8,20,0,0,1,"<8,20>"
"exp2-2",74,24,2,8,20,0,0,1,"<8,20>"
"exp2-2",74,24,3,8,20,0,0,1,"<8,20>"
"exp2-2",74,50,0,8,40,NA,NA,2,"<8,40>"
"exp2-2",74,50,1,9,40,1,8,2,"<8,40>"
"exp2-2",74,50,2,9.88,40,1,8,2,"<8,40>"
"exp2-2",74,50,3,10.68,40,1,8,2,"<8,40>"
"exp2-2",74,61,0,20,40,NA,NA,3,"<20,40>"
"exp2-2",74,61,1,20.4,40,1,8,3,"<20,40>"
"exp2-2",74,61,2,20.79,40,1,8,3,"<20,40>"
"exp2-2",74,61,3,21.17,40,1,8,3,"<20,40>"
"exp2-2",75,24,0,8,20,NA,NA,1,"<8,20>"
"exp2-2",75,24,1,8.75,20,1,6,1,"<8,20>"
"exp2-2",75,24,2,8.75,20.4,2,8,1,"<8,20>"
"exp2-2",75,24,3,9.66,20.4,1,8,1,"<8,20>"
"exp2-2",75,50,0,8,40,NA,NA,2,"<8,40>"
"exp2-2",75,50,1,9,40,1,8,2,"<8,40>"
"exp2-2",75,50,2,9.88,40,1,8,2,"<8,40>"
"exp2-2",75,50,3,10.48,40,1,6,2,"<8,40>"
"exp2-2",75,61,0,20,40,NA,NA,3,"<20,40>"
"exp2-2",75,61,1,20.4,40,1,8,3,"<20,40>"
"exp2-2",75,61,2,20.4,40.2,2,8,3,"<20,40>"
"exp2-2",75,61,3,20.79,40.2,1,8,3,"<20,40>"
"exp2-2",76,24,0,2,8,NA,NA,1,"<2,8>"
"exp2-2",76,24,1,3,8,1,2,1,"<2,8>"
"exp2-2",76,24,2,3,8.5,2,4,1,"<2,8>"
"exp2-2",76,24,3,3.66,8.5,1,2,1,"<2,8>"
"exp2-2",76,50,0,2,8,NA,NA,2,"<2,8>"
"exp2-2",76,50,1,2,8,1,6,2,"<2,8>"
"exp2-2",76,50,2,2,8.5,2,4,2,"<2,8>"
"exp2-2",76,50,3,2,8.97,2,4,2,"<2,8>"
"exp2-2",76,61,0,20,40,NA,NA,3,"<20,40>"
"exp2-2",76,61,1,20.3,40,1,6,3,"<20,40>"
"exp2-2",76,61,2,20.3,40.2,2,8,3,"<20,40>"
"exp2-2",76,61,3,20.49,40.2,1,4,3,"<20,40>"
"exp2-2",77,24,0,2,8,NA,NA,1,"<2,8>"
"exp2-2",77,24,1,2,9,2,8,1,"<2,8>"
"exp2-2",77,24,2,2,9.88,2,8,1,"<2,8>"
"exp2-2",77,24,3,3,9.88,1,2,1,"<2,8>"
"exp2-2",77,50,0,8,40,NA,NA,2,"<8,40>"
"exp2-2",77,50,1,9,40,1,8,2,"<8,40>"
"exp2-2",77,50,2,9.88,40,1,8,2,"<8,40>"
"exp2-2",77,50,3,10.08,40,1,2,2,"<8,40>"
"exp2-2",77,61,0,20,40,NA,NA,3,"<20,40>"
"exp2-2",77,61,1,20,40,0,0,3,"<20,40>"
"exp2-2",77,61,2,20.2,40,1,4,3,"<20,40>"
"exp2-2",77,61,3,20.59,40,1,8,3,"<20,40>"
"exp2-2",78,24,0,8,20,NA,NA,1,"<8,20>"
"exp2-2",78,24,1,8.25,20,1,2,1,"<8,20>"
"exp2-2",78,24,2,8.73,20,1,4,1,"<8,20>"
"exp2-2",78,24,3,8.73,20.4,2,8,1,"<8,20>"
"exp2-2",78,50,0,20,40,NA,NA,2,"<20,40>"
"exp2-2",78,50,1,20,40.2,2,8,2,"<20,40>"
"exp2-2",78,50,2,20.1,40.2,1,2,2,"<20,40>"
"exp2-2",78,50,3,20.29,40.2,1,4,2,"<20,40>"
"exp2-2",78,61,0,8,20,NA,NA,3,"<8,20>"
"exp2-2",78,61,1,8.25,20,1,2,3,"<8,20>"
"exp2-2",78,61,2,8.73,20,1,4,3,"<8,20>"
"exp2-2",78,61,3,9.41,20,1,6,3,"<8,20>"
"exp2-2",79,24,0,2,20,NA,NA,1,"<2,20>"
"exp2-2",79,24,1,3,20,1,2,1,"<2,20>"
"exp2-2",79,24,2,3.66,20,1,2,1,"<2,20>"
"exp2-2",79,24,3,4.2,20,1,2,1,"<2,20>"
"exp2-2",79,50,0,2,8,NA,NA,2,"<2,8>"
"exp2-2",79,50,1,3,8,1,2,2,"<2,8>"
"exp2-2",79,50,2,3,9,2,8,2,"<2,8>"
"exp2-2",79,50,3,3.66,9,1,2,2,"<2,8>"
"exp2-2",79,61,0,20,40,NA,NA,3,"<20,40>"
"exp2-2",79,61,1,20.4,40,1,8,3,"<20,40>"
"exp2-2",79,61,2,20.79,40,1,8,3,"<20,40>"
"exp2-2",79,61,3,21.17,40,1,8,3,"<20,40>"
"exp2-2",80,24,0,8,20,NA,NA,1,"<8,20>"
"exp2-2",80,24,1,9,20,1,8,1,"<8,20>"
"exp2-2",80,24,2,9.88,20,1,8,1,"<8,20>"
"exp2-2",80,24,3,10.68,20,1,8,1,"<8,20>"
"exp2-2",80,50,0,20,40,NA,NA,2,"<20,40>"
"exp2-2",80,50,1,20,40,0,0,2,"<20,40>"
"exp2-2",80,50,2,20,40,0,0,2,"<20,40>"
"exp2-2",80,50,3,20,40,0,0,2,"<20,40>"
"exp2-2",80,61,0,20,40,NA,NA,3,"<20,40>"
"exp2-2",80,61,1,20.4,40,1,8,3,"<20,40>"
"exp2-2",80,61,2,20.79,40,1,8,3,"<20,40>"
"exp2-2",80,61,3,21.17,40,1,8,3,"<20,40>"
"exp2-2",81,24,0,2,20,NA,NA,1,"<2,20>"
"exp2-2",81,24,1,2,20,1,8,1,"<2,20>"
"exp2-2",81,24,2,3,20,1,2,1,"<2,20>"
"exp2-2",81,24,3,3.66,20,1,2,1,"<2,20>"
"exp2-2",81,50,0,20,40,NA,NA,2,"<20,40>"
"exp2-2",81,50,1,20.4,40,1,8,2,"<20,40>"
"exp2-2",81,50,2,20.79,40,1,8,2,"<20,40>"
"exp2-2",81,50,3,21.17,40,1,8,2,"<20,40>"
"exp2-2",81,61,0,20,40,NA,NA,3,"<20,40>"
"exp2-2",81,61,1,20.4,40,1,8,3,"<20,40>"
"exp2-2",81,61,2,20.69,40,1,6,3,"<20,40>"
"exp2-2",81,61,3,21.07,40,1,8,3,"<20,40>"
"exp2-2",82,24,0,8,20,NA,NA,1,"<8,20>"
"exp2-2",82,24,1,8.25,20,1,2,1,"<8,20>"
"exp2-2",82,24,2,8.49,20,1,2,1,"<8,20>"
"exp2-2",82,24,3,8.72,20,1,2,1,"<8,20>"
"exp2-2",82,50,0,8,20,NA,NA,2,"<8,20>"
"exp2-2",82,50,1,8.25,20,1,2,2,"<8,20>"
"exp2-2",82,50,2,8.97,20,1,6,2,"<8,20>"
"exp2-2",82,50,3,9.63,20,1,6,2,"<8,20>"
"exp2-2",82,61,0,8,20,NA,NA,3,"<8,20>"
"exp2-2",82,61,1,8.25,20,1,2,3,"<8,20>"
"exp2-2",82,61,2,8.49,20,1,2,3,"<8,20>"
"exp2-2",82,61,3,8.96,20,1,4,3,"<8,20>"
"exp2-2",83,24,0,2,20,NA,NA,1,"<2,20>"
"exp2-2",83,24,1,3,20,1,2,1,"<2,20>"
"exp2-2",83,24,2,3.66,20,1,2,1,"<2,20>"
"exp2-2",83,24,3,4.2,20,1,2,1,"<2,20>"
"exp2-2",83,50,0,8,40,NA,NA,2,"<8,40>"
"exp2-2",83,50,1,9,40,1,8,2,"<8,40>"
"exp2-2",83,50,2,9.88,40,1,8,2,"<8,40>"
"exp2-2",83,50,3,10.68,40,1,8,2,"<8,40>"
"exp2-2",83,61,0,20,40,NA,NA,3,"<20,40>"
"exp2-2",83,61,1,20.4,40,1,8,3,"<20,40>"
"exp2-2",83,61,2,20.79,40,1,8,3,"<20,40>"
"exp2-2",83,61,3,21.17,40,1,8,3,"<20,40>"
"exp2-2",84,24,0,8,20,NA,NA,1,"<8,20>"
"exp2-2",84,24,1,8.5,20,1,4,1,"<8,20>"
"exp2-2",84,24,2,8.5,20.3,2,6,1,"<8,20>"
"exp2-2",84,24,3,9.2,20.3,1,6,1,"<8,20>"
"exp2-2",84,50,0,20,40,NA,NA,2,"<20,40>"
"exp2-2",84,50,1,20.3,40,1,6,2,"<20,40>"
"exp2-2",84,50,2,20.59,40,1,6,2,"<20,40>"
"exp2-2",84,50,3,20.59,40.1,2,4,2,"<20,40>"
"exp2-2",84,61,0,20,40,NA,NA,3,"<20,40>"
"exp2-2",84,61,1,20.2,40,1,4,3,"<20,40>"
"exp2-2",84,61,2,20.2,40.1,2,4,3,"<20,40>"
"exp2-2",84,61,3,20.49,40.1,1,6,3,"<20,40>"
"exp2-2",85,24,0,8,20,NA,NA,1,"<8,20>"
"exp2-2",85,24,1,8.75,20,1,6,1,"<8,20>"
"exp2-2",85,24,2,8.75,20.2,2,4,1,"<8,20>"
"exp2-2",85,24,3,8.75,20.39,2,4,1,"<8,20>"
"exp2-2",85,50,0,2,8,NA,NA,2,"<2,8>"
"exp2-2",85,50,1,3,8,1,2,2,"<2,8>"
"exp2-2",85,50,2,3,8.5,2,4,2,"<2,8>"
"exp2-2",85,50,3,3,8.5,1,4,2,"<2,8>"
"exp2-2",85,61,0,8,40,NA,NA,3,"<8,40>"
"exp2-2",85,61,1,8,40.05,2,2,3,"<8,40>"
"exp2-2",85,61,2,8.5,40.05,1,4,3,"<8,40>"
"exp2-2",85,61,3,8.5,40.24,2,8,3,"<8,40>"
"exp2-2",86,24,0,20,40,NA,NA,1,"<20,40>"
"exp2-2",86,24,1,20.1,40,1,2,1,"<20,40>"
"exp2-2",86,24,2,20.1,40.1,2,4,1,"<20,40>"
"exp2-2",86,24,3,20.19,40.1,1,2,1,"<20,40>"
"exp2-2",86,50,0,8,20,NA,NA,2,"<8,20>"
"exp2-2",86,50,1,8.25,20,1,2,2,"<8,20>"
"exp2-2",86,50,2,8.73,20,1,4,2,"<8,20>"
"exp2-2",86,50,3,8.95,20,1,2,2,"<8,20>"
"exp2-2",86,61,0,8,20,NA,NA,3,"<8,20>"
"exp2-2",86,61,1,8.25,20,1,2,3,"<8,20>"
"exp2-2",86,61,2,8.25,20,0,0,3,"<8,20>"
"exp2-2",86,61,3,8.25,20,0,0,3,"<8,20>"
"exp2-2",87,24,0,2,20,NA,NA,1,"<2,20>"
"exp2-2",87,24,1,2,20.4,2,8,1,"<2,20>"
"exp2-2",87,24,2,3,20.4,1,2,1,"<2,20>"
"exp2-2",87,24,3,3,20.79,2,8,1,"<2,20>"
"exp2-2",87,50,0,2,8,NA,NA,2,"<2,8>"
"exp2-2",87,50,1,3,8,1,2,2,"<2,8>"
"exp2-2",87,50,2,3.66,8,1,2,2,"<2,8>"
"exp2-2",87,50,3,3.66,9,2,8,2,"<2,8>"
"exp2-2",87,61,0,20,40,NA,NA,3,"<20,40>"
"exp2-2",87,61,1,20.4,40,1,8,3,"<20,40>"
"exp2-2",87,61,2,20.4,40,0,0,3,"<20,40>"
"exp2-2",87,61,3,20.4,40,0,0,3,"<20,40>"
"exp2-2",88,24,0,2,20,NA,NA,1,"<2,20>"
"exp2-2",88,24,1,3,20,1,2,1,"<2,20>"
"exp2-2",88,24,2,3.66,20,1,2,1,"<2,20>"
"exp2-2",88,24,3,4.2,20,1,2,1,"<2,20>"
"exp2-2",88,50,0,8,40,NA,NA,2,"<8,40>"
"exp2-2",88,50,1,9,40,1,8,2,"<8,40>"
"exp2-2",88,50,2,9.88,40,1,8,2,"<8,40>"
"exp2-2",88,50,3,10.68,40,1,8,2,"<8,40>"
"exp2-2",88,61,0,20,40,NA,NA,3,"<20,40>"
"exp2-2",88,61,1,20.4,40,1,8,3,"<20,40>"
"exp2-2",88,61,2,20.79,40,1,8,3,"<20,40>"
"exp2-2",88,61,3,21.17,40,1,8,3,"<20,40>"
"exp2-2",89,24,0,2,20,NA,NA,1,"<2,20>"
"exp2-2",89,24,1,3,20,1,2,1,"<2,20>"
"exp2-2",89,24,2,3.66,20,1,2,1,"<2,20>"
"exp2-2",89,24,3,4.2,20,1,2,1,"<2,20>"
"exp2-2",89,50,0,8,40,NA,NA,2,"<8,40>"
"exp2-2",89,50,1,9,40,1,8,2,"<8,40>"
"exp2-2",89,50,2,9.88,40,1,8,2,"<8,40>"
"exp2-2",89,50,3,10.68,40,1,8,2,"<8,40>"
"exp2-2",89,61,0,20,40,NA,NA,3,"<20,40>"
"exp2-2",89,61,1,20.4,40,1,8,3,"<20,40>"
"exp2-2",89,61,2,20.79,40,1,8,3,"<20,40>"
"exp2-2",89,61,3,21.17,40,1,8,3,"<20,40>"
"exp2-2",90,24,0,2,20,NA,NA,1,"<2,20>"
"exp2-2",90,24,1,3,20,1,2,1,"<2,20>"
"exp2-2",90,24,2,3.66,20,1,2,1,"<2,20>"
"exp2-2",90,24,3,4.2,20,1,2,1,"<2,20>"
"exp2-2",90,50,0,8,40,NA,NA,2,"<8,40>"
"exp2-2",90,50,1,9,40,1,8,2,"<8,40>"
"exp2-2",90,50,2,9.88,40,1,8,2,"<8,40>"
"exp2-2",90,50,3,10.68,40,1,8,2,"<8,40>"
"exp2-2",90,61,0,8,20,NA,NA,3,"<8,20>"
"exp2-2",90,61,1,9,20,1,8,3,"<8,20>"
"exp2-2",90,61,2,9.88,20,1,8,3,"<8,20>"
"exp2-2",90,61,3,10.68,20,1,8,3,"<8,20>"
"exp2-2",91,24,0,2,20,NA,NA,1,"<2,20>"
"exp2-2",91,24,1,3,20,1,2,1,"<2,20>"
"exp2-2",91,24,2,3.66,20,1,2,1,"<2,20>"
"exp2-2",91,24,3,4.2,20,1,2,1,"<2,20>"
"exp2-2",91,50,0,8,40,NA,NA,2,"<8,40>"
"exp2-2",91,50,1,9,40,1,8,2,"<8,40>"
"exp2-2",91,50,2,9.88,40,1,8,2,"<8,40>"
"exp2-2",91,50,3,10.68,40,1,8,2,"<8,40>"
"exp2-2",91,61,0,20,40,NA,NA,3,"<20,40>"
"exp2-2",91,61,1,20.4,40,1,8,3,"<20,40>"
"exp2-2",91,61,2,20.79,40,1,8,3,"<20,40>"
"exp2-2",91,61,3,21.17,40,1,8,3,"<20,40>"
"exp2-2",92,24,0,8,20,NA,NA,1,"<8,20>"
"exp2-2",92,24,1,9,20,1,8,1,"<8,20>"
"exp2-2",92,24,2,9.88,20,1,8,1,"<8,20>"
"exp2-2",92,24,3,10.68,20,1,8,1,"<8,20>"
"exp2-2",92,50,0,8,40,NA,NA,2,"<8,40>"
"exp2-2",92,50,1,9,40,1,8,2,"<8,40>"
"exp2-2",92,50,2,9.88,40,1,8,2,"<8,40>"
"exp2-2",92,50,3,10.68,40,1,8,2,"<8,40>"
"exp2-2",92,61,0,2,8,NA,NA,3,"<2,8>"
"exp2-2",92,61,1,2,9,2,8,3,"<2,8>"
"exp2-2",92,61,2,2,9.88,2,8,3,"<2,8>"
"exp2-2",92,61,3,2,10.68,2,8,3,"<2,8>"
"exp2-2",93,24,0,2,20,NA,NA,1,"<2,20>"
"exp2-2",93,24,1,3,20,1,2,1,"<2,20>"
"exp2-2",93,24,2,3.66,20,1,2,1,"<2,20>"
"exp2-2",93,24,3,3.66,20,1,4,1,"<2,20>"
"exp2-2",93,50,0,8,40,NA,NA,2,"<8,40>"
"exp2-2",93,50,1,9,40,1,8,2,"<8,40>"
"exp2-2",93,50,2,9.88,40,1,8,2,"<8,40>"
"exp2-2",93,50,3,10.68,40,1,8,2,"<8,40>"
"exp2-2",93,61,0,8,40,NA,NA,3,"<8,40>"
"exp2-2",93,61,1,9,40,1,8,3,"<8,40>"
"exp2-2",93,61,2,9.88,40,1,8,3,"<8,40>"
"exp2-2",93,61,3,10.68,40,1,8,3,"<8,40>"
"exp2-2",94,24,0,8,20,NA,NA,1,"<8,20>"
"exp2-2",94,24,1,8.25,20,1,2,1,"<8,20>"
"exp2-2",94,24,2,8.25,20.2,2,4,1,"<8,20>"
"exp2-2",94,24,3,8.25,20.49,2,6,1,"<8,20>"
"exp2-2",94,50,0,20,40,NA,NA,2,"<20,40>"
"exp2-2",94,50,1,20.4,40,1,8,2,"<20,40>"
"exp2-2",94,50,2,20.4,40.2,2,8,2,"<20,40>"
"exp2-2",94,50,3,20.69,40.2,1,6,2,"<20,40>"
"exp2-2",94,61,0,20,40,NA,NA,3,"<20,40>"
"exp2-2",94,61,1,20.4,40,1,8,3,"<20,40>"
"exp2-2",94,61,2,20.4,40.2,2,8,3,"<20,40>"
"exp2-2",94,61,3,20.4,40.34,2,6,3,"<20,40>"
"exp2-2",95,24,0,2,20,NA,NA,1,"<2,20>"
"exp2-2",95,24,1,3,20,1,2,1,"<2,20>"
"exp2-2",95,24,2,3.66,20,1,2,1,"<2,20>"
"exp2-2",95,24,3,3.66,20.4,2,8,1,"<2,20>"
"exp2-2",95,50,0,8,40,NA,NA,2,"<8,40>"
"exp2-2",95,50,1,9,40,1,8,2,"<8,40>"
"exp2-2",95,50,2,9.88,40,1,8,2,"<8,40>"
"exp2-2",95,50,3,9.88,40.2,2,8,2,"<8,40>"
"exp2-2",95,61,0,20,40,NA,NA,3,"<20,40>"
"exp2-2",95,61,1,20.4,40,1,8,3,"<20,40>"
"exp2-2",95,61,2,20.79,40,1,8,3,"<20,40>"
"exp2-2",95,61,3,21.17,40,1,8,3,"<20,40>"
"exp2-2",96,24,0,2,20,NA,NA,1,"<2,20>"
"exp2-2",96,24,1,3,20,1,2,1,"<2,20>"
"exp2-2",96,24,2,3.66,20,1,2,1,"<2,20>"
"exp2-2",96,24,3,4.2,20,1,2,1,"<2,20>"
"exp2-2",96,50,0,8,40,NA,NA,2,"<8,40>"
"exp2-2",96,50,1,9,40,1,8,2,"<8,40>"
"exp2-2",96,50,2,9.88,40,1,8,2,"<8,40>"
"exp2-2",96,50,3,10.68,40,1,8,2,"<8,40>"
"exp2-2",96,61,0,20,40,NA,NA,3,"<20,40>"
"exp2-2",96,61,1,20.4,40,1,8,3,"<20,40>"
"exp2-2",96,61,2,20.79,40,1,8,3,"<20,40>"
"exp2-2",96,61,3,21.17,40,1,8,3,"<20,40>"
"exp2-2",97,24,0,8,20,NA,NA,1,"<8,20>"
"exp2-2",97,24,1,8.25,20,1,2,1,"<8,20>"
"exp2-2",97,24,2,8.25,20.3,2,6,1,"<8,20>"
"exp2-2",97,24,3,9.21,20.3,1,8,1,"<8,20>"
"exp2-2",97,50,0,2,40,NA,NA,2,"<2,40>"
"exp2-2",97,50,1,2,40.2,2,8,2,"<2,40>"
"exp2-2",97,50,2,2,40.39,2,8,2,"<2,40>"
"exp2-2",97,50,3,2,40.53,2,6,2,"<2,40>"
"exp2-2",97,61,0,20,40,NA,NA,3,"<20,40>"
"exp2-2",97,61,1,20.3,40,1,6,3,"<20,40>"
"exp2-2",97,61,2,20.3,40.1,2,4,3,"<20,40>"
"exp2-2",97,61,3,20.39,40.1,1,2,3,"<20,40>"
"exp2-2",98,24,0,2,20,NA,NA,1,"<2,20>"
"exp2-2",98,24,1,3,20,1,2,1,"<2,20>"
"exp2-2",98,24,2,3.66,20,1,2,1,"<2,20>"
"exp2-2",98,24,3,4.2,20,1,2,1,"<2,20>"
"exp2-2",98,50,0,8,40,NA,NA,2,"<8,40>"
"exp2-2",98,50,1,9,40,1,8,2,"<8,40>"
"exp2-2",98,50,2,9.88,40,1,8,2,"<8,40>"
"exp2-2",98,50,3,10.68,40,1,8,2,"<8,40>"
"exp2-2",98,61,0,20,40,NA,NA,3,"<20,40>"
"exp2-2",98,61,1,20.4,40,1,8,3,"<20,40>"
"exp2-2",98,61,2,20.79,40,1,8,3,"<20,40>"
"exp2-2",98,61,3,21.17,40,1,8,3,"<20,40>"
"exp2-2",99,24,0,2,8,NA,NA,1,"<2,8>"
"exp2-2",99,24,1,3,8,1,2,1,"<2,8>"
"exp2-2",99,24,2,3.66,8,1,2,1,"<2,8>"
"exp2-2",99,24,3,4.2,8,1,2,1,"<2,8>"
"exp2-2",99,50,0,20,40,NA,NA,2,"<20,40>"
"exp2-2",99,50,1,20.1,40,1,2,2,"<20,40>"
"exp2-2",99,50,2,20.19,40,1,2,2,"<20,40>"
"exp2-2",99,50,3,20.28,40,1,2,2,"<20,40>"
"exp2-2",99,61,0,2,8,NA,NA,3,"<2,8>"
"exp2-2",99,61,1,3,8,1,2,3,"<2,8>"
"exp2-2",99,61,2,3.66,8,1,2,3,"<2,8>"
"exp2-2",99,61,3,4.2,8,1,2,3,"<2,8>"
"exp2-2",100,24,0,8,20,NA,NA,1,"<8,20>"
"exp2-2",100,24,1,8,20.1,2,2,1,"<8,20>"
"exp2-2",100,24,2,8,20.1,2,0,1,"<8,20>"
"exp2-2",100,24,3,8,20.19,2,2,1,"<8,20>"
"exp2-2",100,50,0,8,20,NA,NA,2,"<8,20>"
"exp2-2",100,50,1,8,20.1,2,2,2,"<8,20>"
"exp2-2",100,50,2,8,20.19,2,2,2,"<8,20>"
"exp2-2",100,50,3,8,20.28,2,2,2,"<8,20>"
"exp2-2",100,61,0,2,20,NA,NA,3,"<2,20>"
"exp2-2",100,61,1,2,20.1,2,2,3,"<2,20>"
"exp2-2",100,61,2,2,20.19,2,2,3,"<2,20>"
"exp2-2",100,61,3,2,20.19,2,0,3,"<2,20>"
